,PRECIO_UNITARIO,COSTO_UNITARIO,COSTO_UNITARIO_CALCULADO,MARGEN_TOTAL_CALCULADO
0,434.48,52.8,52.8,381.68
1,1264.05,327.18,327.18,936.87
2,551.61,177.68,177.68,2617.56
3,140.0,38.96,38.96,101.04
4,172.41,101.71,101.71,141.41
5,237.07,49.41,49.41,375.32
6,14000.0,5323.76,5323.76,8676.24
7,94.5,38.96,38.96,166.62
8,1615.0,517.89,517.89,1097.11
9,1615.0,517.89,517.89,1097.11
10,1615.0,517.89,517.89,1097.11
11,1615.0,0.0,586.32,1028.68
12,1615.0,0.0,586.32,1028.68
13,1485.25,0.0,86.22,1399.03
14,2095.25,0.0,742.05,1353.2
15,192.5,51.73,149.6,84.17
16,771.28,124.0,124.0,1294.56
17,125.0,0.0,141.9,-50.69
18,821.3,0.0,78.7,3713.02
19,821.3,0.0,75.77,5218.69
20,496.35,27.43,27.43,1406.76
21,938.53,147.76,147.76,2372.32
22,718.52,259.35,259.35,459.17
23,898.25,332.65,332.65,565.6
24,1500.0,0.36,0.36,2999.28
25,1848.0,1081.89,1081.89,2298.34
26,485.0,124.0,124.0,1805.0
27,375.0,44.14,44.14,1985.17
28,2005.46,489.39,489.39,3032.15
29,1299.32,305.44,305.44,29816.42
30,856.04,295.24,295.24,3364.8
31,1299.32,305.44,305.44,29816.42
32,601.23,178.6,178.6,422.63
33,150.5,68.95,68.95,815.55
34,215.96,78.32,78.32,1376.36
35,382.1,5.76,5.76,376.34
36,485.23,45.01,45.01,440.22
37,945.0,289.05,289.05,655.95
38,259.6,64.85,64.85,7789.83
39,938.53,0.0,161.73,776.8
40,12720.0,0.0,1509.14,33632.58
41,619.21,101.71,101.71,4657.47
42,505.08,0.0,81.91,4231.66
43,1328.0,0.0,497.54,6643.69
44,599.05,0.0,98.76,1000.59
45,803.0,140.29,140.29,662.71
46,785.25,181.88,181.88,1206.75
47,615.85,249.89,249.89,731.93
48,385.2,48.56,48.56,1346.56
49,2150.0,0.0,195.26,1954.74
50,531.0,85.29,85.29,2228.53
51,385.0,220.0,220.0,165.0
52,500.0,211.36,211.36,288.64
53,835.5,242.48,242.48,1186.05
54,895.5,235.56,235.56,1319.87
55,1264.25,0.0,319.8,944.45
56,1264.25,0.0,313.8,950.45
57,605.0,44.7,44.7,2241.2
58,337.7,4.02,4.02,333.68
59,558.14,69.23,69.23,977.82
60,558.14,69.23,69.23,977.82
61,1412.0,556.14,556.14,2567.58
62,1188.0,447.68,447.68,2220.95
63,663.0,95.82,95.82,3403.09
64,495.8,158.4,158.4,674.8
65,2177.5,272.65,272.65,15238.78
66,505.23,161.63,161.63,687.21
67,985.1,105.68,105.68,3517.68
68,2644.28,0.0,795.74,7394.17
69,522.0,51.38,51.38,941.24
70,255.01,291.72,291.72,-36.71
71,551.25,0.0,240.87,3103.83
72,364.55,52.48,52.48,312.07
73,662.0,139.82,139.82,522.18
74,1475.3,275.5,275.5,35994.05
75,999.91,200.3,200.3,2398.82
76,1450.0,372.67,372.67,10773.27
77,1450.0,360.5,360.5,6537.02
78,1450.0,337.97,337.97,6672.21
79,415.0,113.47,113.47,2412.27
80,272.0,77.13,77.13,1948.71
81,1025.87,0.0,115.58,1820.59
82,1587.25,0.0,165.19,2844.11
83,2985.36,0.0,385.71,5199.3
84,566.64,85.89,85.89,480.75
85,431.5,95.96,95.96,4026.44
86,528.3,131.65,131.65,4759.85
87,1880.28,0.0,292.75,1587.53
88,150.0,71.25,71.25,1574.98
89,98.0,38.96,38.96,59.04
90,830.25,363.33,363.33,1400.75
91,473.28,27.08,27.08,446.2
92,1659.6,436.54,436.54,1223.06
93,107.76,38.96,38.96,68.8
94,499.0,113.22,113.22,385.78
95,900.0,0.0,247.52,1957.43
96,1189.0,0.0,160.03,3086.92
97,1435.0,0.0,369.59,3196.22
98,495.0,0.0,67.42,855.16
99,125.0,71.25,71.25,53.75
100,175.0,75.89,75.89,99.11
101,2625.5,0.0,1214.3,2822.4
102,2464.2,1041.08,1041.08,2846.25
103,2068.5,1298.68,1298.68,1539.64
104,925.6,0.0,387.87,537.73
105,1517.63,435.3,435.3,1082.33
106,498.85,0.0,24.38,1897.88
107,2629.5,167.3,167.3,2462.2
108,535.09,104.4,104.4,430.69
109,1195.84,0.0,336.57,1718.56
110,1572.45,0.0,647.84,924.61
111,2375.5,0.0,436.05,7757.81
112,2080.85,0.0,449.35,3263.0
113,2118.0,0.0,406.61,1711.39
114,1250.0,281.94,281.94,968.06
115,617.0,0.0,67.22,2199.14
116,510.0,0.0,37.76,944.47
117,197.5,13.38,13.38,184.12
118,1000.0,0.0,226.23,773.77
119,425.2,0.0,130.2,1180.01
120,485.5,0.0,137.08,696.84
121,385.0,220.0,220.0,165.0
122,3892.24,492.92,492.92,3399.32
123,197.5,13.38,13.38,184.12
124,871.5,174.76,174.76,696.74
125,375.29,0.0,106.0,807.87
126,1100.0,246.94,246.94,1706.11
127,565.4,90.18,90.18,475.22
128,351.64,156.83,156.83,779.23
129,988.25,0.0,146.88,3365.46
130,828.69,0.0,186.95,2566.97
131,657.58,0.0,99.32,2233.04
132,1125.0,130.78,130.78,994.22
133,1125.0,134.36,134.36,990.64
134,913.4,189.47,189.47,10859.02
135,462.0,220.0,220.0,242.0
136,2665.3,395.14,395.14,2270.16
137,1579.6,141.65,141.65,1437.95
138,1800.18,526.27,526.27,15286.91
139,533.6,0.0,150.79,1531.22
140,720.0,96.78,96.78,6232.18
141,1877.65,533.27,533.27,4033.13
142,972.0,319.99,319.99,4564.05
143,1899.18,0.0,164.55,3469.25
144,1022.5,168.4,168.4,1708.21
145,3859.99,0.0,418.59,10324.2
146,1054.0,0.0,665.36,388.64
147,2399.01,0.0,569.1,7319.64
148,1143.25,78.83,78.83,3193.27
149,568.65,0.0,83.5,1455.46
150,3053.25,0.0,791.1,6786.45
151,705.5,0.0,143.89,1684.84
152,813.1,222.0,222.0,1182.21
153,357.85,113.59,113.59,488.51
154,866.7,153.97,153.97,7127.32
155,514.25,112.64,112.64,2409.66
156,307.5,87.1,87.1,220.4
157,1046.11,0.0,297.59,1497.03
158,300.0,0.0,111.63,565.11
159,1991.0,182.75,182.75,5424.76
160,759.17,0.0,106.18,2611.96
161,788.05,0.0,150.48,2550.28
162,420.0,36.92,36.92,766.16
163,945.0,299.62,299.62,645.38
164,345.0,31.72,31.72,939.84
165,994.64,155.39,155.39,1678.51
166,738.4,145.21,145.21,1186.38
167,1452.18,150.74,150.74,1301.44
168,197.5,17.39,17.39,1080.66
169,336.93,106.55,106.55,230.38
170,568.26,0.0,89.85,2870.43
171,2259.43,0.0,143.11,2116.32
172,447.42,0.0,42.86,809.13
173,2174.6,0.0,337.19,1837.41
174,919.0,0.0,226.23,692.77
175,145.0,51.36,51.36,187.29
176,375.0,98.64,98.64,2210.9
177,2625.5,1214.3,1214.3,2822.4
178,594.83,0.0,325.78,2152.37
179,2278.45,431.83,431.83,3693.24
180,408.87,124.0,124.0,284.87
181,1136.53,175.18,175.18,961.35
182,862.07,12.4,12.4,849.67
183,2525.0,0.0,1782.0,2229.0
184,337.7,36.53,36.53,602.34
185,1499.3,672.74,672.74,9092.12
186,2349.48,1190.42,1190.42,6954.33
187,510.0,0.0,70.04,1759.83
188,813.05,0.0,189.75,1246.6
189,1048.0,0.0,346.74,1402.51
190,525.0,112.61,112.61,824.79
191,8500.0,0.0,3061.83,8157.26
192,119.83,38.96,38.96,161.74
193,813.0,227.18,227.18,585.82
194,2068.5,0.0,773.91,1294.59
195,1518.0,304.25,304.25,7282.48
196,597.06,173.0,173.0,2120.3
197,683.25,29.9,29.9,653.35
198,813.1,222.0,222.0,591.1
199,690.81,0.0,52.74,11485.18
200,1520.0,378.69,378.69,2282.61
201,385.0,220.0,220.0,165.0
202,435.0,0.0,253.0,182.0
203,206.9,0.0,98.63,108.27
204,1450.0,0.0,254.34,43043.83
205,780.25,37.66,37.66,1485.18
206,799.12,44.54,44.54,1509.16
207,821.89,48.09,48.09,1547.6
208,839.43,51.09,51.09,1576.68
209,901.12,141.49,141.49,1519.26
210,992.0,201.21,201.21,1581.59
211,1109.22,188.85,188.85,1840.74
212,1112.0,297.2,297.2,1629.6
213,725.1,30.17,30.17,4864.51
214,387.45,54.82,54.82,665.26
215,1674.0,0.0,187.31,2973.38
216,960.0,0.0,366.42,1187.16
217,689.92,112.8,112.8,1154.25
218,689.92,112.8,112.8,1154.25
219,813.0,0.0,227.18,585.82
220,3200.0,0.0,427.12,8318.65
221,3105.0,0.0,369.07,16415.61
222,355.0,101.99,101.99,2530.08
223,2218.27,0.0,1204.71,2027.11
224,650.32,0.0,74.08,576.24
225,1615.0,1179.22,1179.22,435.78
226,1615.0,1179.22,1179.22,435.78
227,1615.0,1179.22,1179.22,435.78
228,1615.0,1179.22,1179.22,435.78
229,1615.0,1179.22,1179.22,435.78
230,598.0,338.28,338.28,519.44
231,445.0,160.14,160.14,569.73
232,303.45,106.55,106.55,393.8
233,369.25,137.48,137.48,463.54
234,355.0,119.05,119.05,1179.76
235,681.75,0.0,125.12,2226.53
236,407.0,127.62,127.62,2793.81
237,488.0,120.29,120.29,2941.71
238,543.0,113.69,113.69,3005.15
239,509.0,161.1,161.1,2783.22
240,1365.0,131.71,131.71,3699.86
241,1015.0,0.0,459.8,2220.81
242,562.32,88.95,88.95,1893.48
243,1125.0,7342.41,7342.41,-6217.41
244,1485.0,0.0,440.7,2088.59
245,1475.3,339.43,339.43,34076.16
246,625.2,29.29,29.29,2383.65
247,565.4,90.42,90.42,949.97
248,498.77,0.0,69.55,858.43
249,2508.7,0.0,470.09,2038.61
250,1028.35,0.0,373.69,1309.32
251,1265.2,0.0,559.98,705.22
252,799.1,0.0,178.49,1861.84
253,1156.5,0.0,139.69,1016.81
254,992.25,173.44,173.44,2456.42
255,358.7,0.0,48.23,931.41
256,1498.16,0.0,208.27,1289.89
257,1599.5,0.0,688.35,911.15
258,1455.25,0.0,375.4,1079.85
259,1398.79,0.0,415.77,983.02
260,1472.0,0.0,601.65,1740.71
261,398.85,236.98,236.98,485.62
262,1229.88,0.0,449.84,2340.12
263,1020.0,0.0,87.59,1864.82
264,625.2,0.0,43.81,2325.56
265,468.97,33.9,33.9,1740.25
266,2524.5,688.31,688.31,1836.19
267,1030.0,236.68,236.68,3173.29
268,1094.6,210.46,210.46,3536.56
269,2625.5,1214.3,1214.3,2822.4
270,3890.0,918.12,918.12,17831.27
271,3890.0,0.0,1133.81,16537.11
272,462.0,220.0,220.0,242.0
273,4315.0,0.0,41.26,4273.74
274,992.25,173.44,173.44,2456.42
275,519.0,78.24,78.24,881.52
276,512.36,211.36,211.36,301.0
277,382.76,137.48,137.48,245.28
278,560.04,0.0,134.94,425.1
279,913.4,235.81,235.81,10163.91
280,1255.2,370.94,370.94,884.26
281,337.7,0.0,36.53,602.34
282,965.5,0.0,269.59,1391.83
283,265.0,87.1,87.1,711.61
284,2265.0,435.26,435.26,1829.74
285,574.0,67.47,67.47,2026.12
286,1103.0,122.14,122.14,4904.32
287,577.8,152.37,152.37,850.87
288,1330.68,0.0,428.56,8119.07
289,800.0,216.65,216.65,583.35
290,2218.27,1246.35,1246.35,3887.68
291,470.0,143.8,143.8,326.2
292,594.83,326.23,326.23,2686.01
293,999.91,212.44,212.44,787.46
294,980.6,317.3,317.3,663.3
295,980.6,317.3,317.3,663.3
296,1405.25,269.6,269.6,3406.95
297,812.53,0.0,111.07,1402.92
298,375.29,87.1,87.1,288.19
299,355.0,119.05,119.05,4719.05
300,1666.85,1666.85,1666.85,0.0
301,470.0,143.8,143.8,1631.0
302,4650.5,2644.78,2644.78,2005.72
303,1551.2,303.31,303.31,7487.35
304,1548.0,673.14,673.14,1749.72
305,4508.2,0.0,1783.73,2724.47
306,462.0,220.0,220.0,484.0
307,107.76,38.96,38.96,137.6
308,2377.0,417.45,417.45,1959.55
309,839.28,261.77,261.77,5775.15
310,1078.5,0.0,351.08,10911.33
311,385.0,220.0,220.0,165.0
312,2359.7,377.29,377.29,7929.63
313,970.0,145.03,145.03,7424.73
314,999.91,212.44,212.44,787.46
315,1215.5,358.0,358.0,1714.99
316,1910.0,97.81,195.77,1714.24
317,1520.25,525.52,525.52,3978.9
318,1350.0,248.65,248.65,2202.7
319,375.0,44.14,44.14,1654.31
320,462.0,220.0,220.0,242.0
321,1410.6,281.63,281.63,2257.93
322,358.0,0.0,30.77,1636.14
323,1608.0,541.44,541.44,2133.12
324,448.6,0.0,70.12,2270.88
325,710.0,112.11,112.11,597.89
326,647.1,0.0,244.02,8061.59
327,3053.25,761.07,761.07,4584.37
328,337.0,106.55,106.55,921.81
329,1953.26,626.37,626.37,2653.78
330,498.0,143.8,143.8,708.4
331,2005.5,327.61,327.61,1677.89
332,568.97,0.0,60.56,508.41
333,850.0,174.73,174.73,1350.55
334,932.5,300.96,300.96,3789.24
335,1615.0,1179.22,1179.22,435.78
336,1179.25,319.43,319.43,859.82
337,1179.25,319.43,319.43,859.82
338,1848.4,417.02,417.02,1431.38
339,1848.4,417.02,417.02,1431.38
340,497.2,66.08,66.08,1724.46
341,999.91,212.44,212.44,787.46
342,659.48,98.65,98.65,1121.66
343,375.0,64.98,64.98,1860.1
344,94.5,38.96,38.96,111.08
345,153.0,51.36,51.36,203.29
346,98.0,38.96,38.96,118.08
347,14000.0,5211.65,5211.65,8788.35
348,732.0,222.0,222.0,510.0
349,999.91,200.3,200.3,1599.22
350,265.08,87.1,87.1,1779.83
351,2835.0,0.0,620.47,11072.63
352,1247.5,0.0,376.35,1742.29
353,850.2,519.02,519.02,331.18
354,485.3,0.0,89.76,395.54
355,570.3,0.0,72.34,497.96
356,3096.5,1282.76,1282.76,7254.98
357,1784.0,116.97,116.97,3334.07
358,7903.2,0.0,2448.37,5454.83
359,3349.0,0.0,1273.61,6226.16
360,6900.0,0.0,3489.32,6821.36
361,585.13,97.0,97.0,488.13
362,561.0,71.53,71.53,1957.88
363,561.0,88.34,88.34,1890.66
364,710.0,228.89,228.89,1443.34
365,579.66,0.0,50.94,528.72
366,800.0,0.0,45.28,754.72
367,395.0,0.0,4.92,1170.24
368,3040.48,1137.06,1137.06,11420.51
369,2366.63,698.18,698.18,16684.54
370,691.68,211.36,211.36,480.32
371,862.33,410.21,410.21,452.12
372,120.0,38.96,38.96,81.04
373,18500.0,0.0,1560.44,33879.12
374,150.0,0.0,88.63,1534.31
375,190.52,71.25,71.25,238.54
376,1850.0,0.0,710.34,2279.32
377,636.21,102.22,102.22,533.99
378,918.0,0.0,502.32,1247.03
379,525.0,97.46,97.46,3420.34
380,495.0,172.28,172.28,645.43
381,354.5,155.02,155.02,398.97
382,354.5,177.36,177.36,177.14
383,2198.58,216.46,216.46,5946.37
384,1260.48,213.66,213.66,4187.27
385,780.25,37.66,37.66,1485.18
386,799.12,44.54,44.54,1509.16
387,821.89,48.09,48.09,1547.6
388,839.43,51.09,51.09,1576.68
389,190.52,72.37,72.37,118.15
390,435.0,220.0,220.0,215.0
391,527.59,64.91,64.91,462.68
392,1205.0,258.43,258.43,946.57
393,704.5,173.0,173.0,531.5
394,4150.0,0.0,714.2,61844.32
395,778.17,391.24,391.24,773.87
396,907.5,116.73,116.73,790.77
397,165.0,48.49,48.49,349.53
398,862.35,410.21,410.21,452.14
399,1551.72,316.4,316.4,1235.32
400,538.79,6.69,6.69,532.1
401,387.93,24.0,24.0,363.93
402,1020.0,258.21,258.21,761.79
403,1299.32,340.8,340.8,57511.19
404,445.0,220.0,220.0,225.0
405,1513.0,0.0,447.47,12786.35
406,500.5,0.0,26.95,5682.56
407,1056.03,244.91,244.91,811.12
408,562.5,88.95,88.95,2841.3
409,646.6,91.21,91.21,3332.32
410,1475.3,366.1,366.1,27730.12
411,3053.25,736.48,736.48,2316.77
412,1475.3,356.75,356.75,11185.47
413,3053.25,0.0,791.1,6786.45
414,620.0,0.0,236.1,6910.26
415,1899.85,0.0,517.36,2764.98
416,2458.45,0.0,305.38,8612.27
417,4956.73,0.0,1306.63,3650.1
418,657.5,88.74,88.74,1706.29
419,20887.18,0.0,1516.24,19370.94
420,7137.0,2935.26,2935.26,8403.47
421,435.72,137.48,137.48,298.24
422,120.09,42.79,42.79,77.3
423,633.6,112.24,112.24,521.36
424,564.71,111.07,111.07,453.64
425,633.6,112.24,112.24,521.36
426,498.65,59.54,59.54,439.11
427,616.0,110.37,110.37,505.63
428,598.0,110.37,110.37,487.63
429,862.0,90.16,90.16,771.84
430,705.5,106.52,106.52,1796.93
431,705.5,0.0,158.37,2188.54
432,2278.45,359.16,359.16,1919.29
433,2359.7,377.29,377.29,7929.63
434,1105.6,0.0,165.15,940.45
435,2400.0,360.32,360.32,4079.35
436,1500.0,0.36,0.36,2999.28
437,435.0,220.0,220.0,215.0
438,938.53,0.0,161.73,3107.2
439,405.2,0.0,47.25,715.91
440,357.76,113.59,113.59,244.17
441,625.7,0.0,91.9,2669.0
442,625.7,0.0,98.64,1581.18
443,153.45,51.36,51.36,102.09
444,204.08,0.0,203.34,18.53
445,1853.25,0.0,1140.93,2849.29
446,599.0,0.0,251.51,1737.47
447,1100.0,0.0,183.83,3664.66
448,1991.06,0.0,755.73,2470.66
449,535.12,0.0,70.86,464.26
450,3929.11,0.0,1830.01,4198.19
451,188.0,0.0,94.84,93.16
452,650.0,321.87,321.87,328.13
453,485.0,144.4,144.4,681.2
454,310.0,50.54,50.54,259.46
455,1063.83,0.0,409.87,1961.87
456,908.0,204.07,204.07,703.93
457,163.0,48.49,48.49,114.51
458,2325.0,0.0,722.38,1602.62
459,1350.0,248.65,248.65,2202.7
460,1005.0,0.0,387.87,1234.27
461,1005.0,0.0,404.78,600.22
462,2849.5,1125.85,1125.85,1723.65
463,1265.09,432.3,432.3,832.79
464,900.69,0.0,396.54,5041.55
465,527.0,48.21,48.21,478.79
466,1241.0,318.83,318.83,8299.56
467,1120.69,133.09,133.09,987.6
468,780.0,160.64,160.64,3716.18
469,867.03,0.0,403.47,463.56
470,940.0,0.0,148.76,791.24
471,940.0,0.0,148.76,791.24
472,164.14,0.0,111.17,1324.37
473,907.0,7.6,7.6,899.4
474,659.6,107.68,107.68,551.92
475,1572.45,0.0,647.84,2773.83
476,310.0,50.54,50.54,1037.84
477,1615.0,493.68,493.68,4485.26
478,760.25,0.0,123.23,637.02
479,23995.24,4045.07,4045.07,19950.17
480,2625.5,1214.3,1214.3,2822.4
481,145.0,0.0,67.57,154.86
482,1035.0,223.66,223.66,811.34
483,612.0,183.93,183.93,856.14
484,825.0,333.44,333.44,2457.79
485,1529.69,842.74,842.74,1373.9
486,703.45,217.64,217.64,2914.83
487,2750.0,797.54,797.54,1952.46
488,3349.0,1319.75,1319.75,6087.74
489,110.0,42.79,42.79,67.21
490,435.97,67.31,67.31,1105.99
491,491.03,67.21,67.21,847.64
492,180.0,86.23,86.23,187.54
493,163.0,48.49,48.49,114.51
494,676.72,0.0,213.87,462.85
495,1000.0,0.0,48.85,951.15
496,1000.0,0.0,48.85,2853.46
497,695.2,46.14,46.14,6490.64
498,462.0,220.0,220.0,242.0
499,243.82,0.0,210.95,657.43
500,468.1,28.9,28.9,439.2
501,1395.35,671.48,671.48,1447.73
502,1037.1,249.07,249.07,2364.1
503,4150.0,714.2,714.2,61844.32
504,780.0,160.64,160.64,3716.18
505,250.0,72.37,72.37,1776.33
506,1274.14,199.22,199.22,4299.7
507,1529.69,842.74,842.74,1373.9
508,805.0,143.09,143.09,1323.82
509,812.0,0.0,148.02,663.98
510,587.0,0.0,38.92,548.08
511,153.45,51.36,51.36,204.19
512,1572.45,517.64,517.64,2109.62
513,7402.72,0.0,921.37,6481.35
514,7133.17,2935.26,2935.26,8395.81
515,207.0,76.46,76.46,652.68
516,622.0,36.0,36.0,586.0
517,1208.25,67.21,67.21,1141.04
518,2600.0,509.98,509.98,6270.07
519,6300.0,694.6,694.6,28027.01
520,985.0,0.0,242.78,1484.45
521,3837.4,0.0,722.34,3115.06
522,978.6,0.0,518.59,2300.06
523,6900.0,3624.09,3624.09,6551.82
524,420.69,144.4,144.4,276.29
525,1756.0,841.63,841.63,914.37
526,1697.71,0.0,567.27,1130.44
527,485.0,144.4,144.4,340.6
528,398.0,50.54,50.54,694.92
529,1022.0,0.0,333.2,8265.59
530,2497.0,504.53,504.53,3984.95
531,976.0,0.0,374.14,4213.0
532,3053.25,852.37,852.37,8803.52
533,1475.3,335.51,335.51,39892.55
534,3053.25,0.0,791.1,22621.49
535,3395.0,0.0,928.07,2466.93
536,488.62,0.0,61.88,4267.36
537,366.0,42.99,42.99,646.03
538,276.91,11.02,11.02,531.79
539,207.0,76.74,76.74,781.59
540,732.0,222.0,222.0,510.0
541,427.0,33.79,33.79,393.21
542,514.25,112.64,112.64,803.22
543,485.0,144.4,144.4,1703.0
544,310.0,50.54,50.54,259.46
545,893.0,72.34,72.34,820.66
546,244.02,210.95,210.95,562.22
547,2895.47,0.0,1168.41,6908.25
548,2186.0,1048.4,1048.4,4550.39
549,120.12,42.79,42.79,77.33
550,2177.5,0.0,319.29,11149.24
551,623.2,0.0,145.86,954.69
552,330.85,0.0,98.63,2322.19
553,2044.2,0.0,406.12,1638.08
554,648.3,97.53,97.53,550.77
555,419.0,10.7,10.7,408.3
556,225.0,0.0,98.63,126.37
557,734.5,0.0,136.98,597.52
558,13800.0,2227.85,2227.85,23144.3
559,1158.19,305.31,305.31,1705.76
560,207.0,90.91,90.91,1741.32
561,634.5,42.35,42.35,592.15
562,427.0,33.79,33.79,1572.83
563,301.07,3.8,3.8,297.27
564,1306.03,344.32,344.32,961.71
565,355.0,131.87,131.87,4462.64
566,1450.0,224.13,224.13,7355.22
567,999.95,200.3,200.3,799.65
568,410.0,0.0,113.06,1484.71
569,2200.0,773.91,773.91,1426.09
570,978.6,477.85,477.85,2503.73
571,732.0,136.25,136.25,2978.75
572,153.25,62.82,62.82,90.43
573,663.88,101.4,101.4,562.48
574,2025.2,0.0,483.67,1541.53
575,703.45,217.64,217.64,2914.83
576,488.0,0.0,144.4,1718.0
577,153.45,62.82,62.82,181.26
578,994.0,0.0,46.17,9478.26
579,551.25,0.0,286.82,1322.14
580,2750.0,797.54,797.54,3904.92
581,475.0,36.52,36.52,876.96
582,2278.45,701.72,701.72,1576.73
583,375.0,88.03,88.03,1147.87
584,6273.0,1368.31,1368.31,4904.69
585,532.76,33.75,33.75,499.01
586,605.4,80.09,80.09,525.31
587,689.63,227.18,227.18,924.89
588,13776.88,0.0,5301.49,8475.39
589,933.85,172.13,172.13,1523.43
590,335.0,58.36,58.36,553.27
591,1944.0,0.0,330.09,1613.91
592,2133.25,0.0,453.27,1679.98
593,424.0,253.0,253.0,171.0
594,2068.5,0.0,1261.99,806.51
595,2068.5,0.0,1261.99,806.51
596,2464.2,0.0,1067.99,2792.42
597,2464.2,1130.54,1130.54,2667.32
598,4580.0,2061.24,2061.24,7556.28
599,2325.34,518.74,518.74,1806.6
600,564.1,60.64,60.64,503.46
601,1615.0,685.68,685.68,3717.3
602,1451.65,295.91,295.91,1155.74
603,572.0,0.0,206.11,731.78
604,812.0,0.0,363.09,897.82
605,1548.0,0.0,599.82,1896.36
606,622.0,0.0,83.98,4304.13
607,986.0,0.0,236.74,3746.31
608,1133.0,279.88,279.88,6824.94
609,938.53,165.95,165.95,1545.16
610,150.86,42.79,42.79,324.2
611,474.14,0.0,4434.97,-3960.83
612,3053.25,806.14,806.14,8988.43
613,1526.77,0.0,324.05,1202.72
614,1088.0,0.0,190.25,5386.49
615,1296.0,0.0,244.07,63116.08
616,689.0,170.19,170.19,518.81
617,578.0,181.72,181.72,7925.64
618,385.0,253.0,253.0,132.0
619,407.0,0.0,101.07,4588.99
620,543.0,0.0,113.69,3434.45
621,1365.0,115.41,115.41,7497.56
622,1139.88,168.7,168.7,971.18
623,790.0,117.49,117.49,6725.11
624,210.0,77.57,77.57,264.85
625,862.35,0.0,335.46,14752.85
626,617.2,0.0,149.98,467.22
627,732.0,222.0,222.0,1020.0
628,582.93,0.0,30.65,1104.56
629,582.93,0.0,30.65,1656.84
630,265.08,97.49,97.49,167.59
631,592.5,0.0,114.65,955.71
632,642.0,321.87,321.87,960.39
633,994.4,0.0,104.4,1780.0
634,632.5,0.0,65.47,1134.06
635,980.0,287.63,287.63,4154.22
636,1130.5,0.0,471.48,2636.09
637,840.0,0.0,160.02,1359.96
638,1842.5,0.0,710.13,4529.47
639,1914.5,0.0,736.2,2356.59
640,1239.3,0.0,244.63,9946.69
641,1047.0,0.0,213.38,6668.93
642,965.0,0.0,213.77,3756.17
643,516.0,0.0,62.28,907.44
644,453.24,171.87,171.87,281.37
645,7612.73,0.0,1952.03,28303.52
646,980.0,0.0,295.95,10944.77
647,910.0,0.0,62.4,5085.61
648,1140.86,407.85,407.85,733.01
649,750.0,0.0,116.78,2532.87
650,2105.3,848.3,848.3,2513.99
651,775.6,208.61,208.61,567.0
652,400.64,0.0,59.77,681.74
653,999.91,200.3,200.3,1599.22
654,1450.0,266.04,266.04,42622.74
655,12500.0,3900.52,3900.52,8599.48
656,644.0,79.79,79.79,1128.43
657,570.8,83.72,83.72,974.16
658,605.4,80.09,80.09,525.31
659,425.0,253.0,253.0,172.0
660,563.5,55.83,55.83,507.67
661,424.0,253.0,253.0,171.0
662,825.0,0.0,332.9,5905.19
663,999.91,200.3,200.3,799.61
664,739.66,7.6,7.6,732.06
665,936.45,206.22,206.22,7302.26
666,1299.32,378.12,378.12,27635.96
667,3668.0,602.39,602.39,3065.61
668,812.53,68.34,68.34,1488.39
669,485.0,135.69,135.69,1397.24
670,375.0,54.8,54.8,1280.8
671,301.5,432.0,432.0,-522.0
672,32582.18,0.0,199335.56,-166753.38
673,564.1,0.0,47.7,1032.8
674,2218.0,717.66,717.66,3000.68
675,999.91,200.3,200.3,799.61
676,94.5,42.79,42.79,51.71
677,1697.71,562.77,562.77,1134.94
678,2025.2,0.0,483.67,3083.06
679,799.1,174.94,174.94,2496.63
680,642.0,321.87,321.87,960.39
681,1545.0,89.98,89.98,8730.14
682,3026.6,0.0,752.71,2273.89
683,812.53,0.0,111.07,2104.39
684,385.0,253.0,253.0,132.0
685,655.0,7.2,7.2,1295.6
686,504.5,43.24,43.24,4612.63
687,596.6,0.0,120.27,5716.02
688,510.0,135.69,135.69,374.31
689,1475.3,355.29,355.29,22400.21
690,3730.0,1465.29,1465.29,4529.41
691,245.0,92.33,92.33,152.67
692,1410.0,227.74,227.74,1182.26
693,828.97,65.63,65.63,1526.69
694,1049.3,654.97,654.97,788.66
695,631.84,23.77,23.77,1216.15
696,800.19,67.69,67.69,1465.01
697,181.0,62.82,62.82,590.91
698,225.0,77.57,77.57,737.13
699,1572.45,668.43,668.43,904.02
700,1600.0,0.0,835.04,3059.83
701,1073.0,0.0,381.64,4148.18
702,996.0,0.0,257.09,4433.44
703,557.5,0.0,197.63,719.74
704,192.0,48.49,48.49,143.51
705,310.0,54.8,54.8,510.4
706,753.04,0.0,86.18,1333.73
707,1550.0,0.0,629.46,5523.25
708,1500.0,0.0,595.77,5425.38
709,564.1,48.03,48.03,516.07
710,521.04,205.2,205.2,315.84
711,485.0,135.69,135.69,1397.24
712,310.0,54.8,54.8,1020.8
713,155.0,77.57,77.57,232.28
714,539.6,0.0,77.8,1847.22
715,1380.0,0.0,246.69,2266.62
716,330.8,92.24,92.24,3578.46
717,345.0,42.65,42.65,604.71
718,994.64,155.39,155.39,1678.51
719,605.4,80.09,80.09,1050.62
720,735.65,177.85,177.85,557.8
721,608.75,331.33,331.33,554.85
722,810.0,0.0,117.09,6929.1
723,788.48,0.0,798.08,-38.41
724,2818.4,0.0,670.74,2147.66
725,812.43,111.07,111.07,701.36
726,1030.0,236.06,236.06,4763.66
727,457.82,32.24,32.24,1702.31
728,1470.0,87.04,87.04,2765.92
729,2186.0,1072.93,1072.93,2226.14
730,375.0,144.19,144.19,2308.08
731,375.0,0.0,122.35,757.96
732,796.25,0.0,236.03,5602.19
733,850.5,0.0,237.87,6126.27
734,635.0,76.68,76.68,1116.64
735,702.59,227.18,227.18,475.41
736,1265.0,521.59,521.59,743.41
737,675.0,174.16,174.16,1001.68
738,696.0,91.63,91.63,1208.74
739,488.62,0.0,61.88,3840.62
740,710.0,0.0,171.66,3230.02
741,3349.0,0.0,1273.61,6226.16
742,2665.0,0.0,1304.15,2721.71
743,435.72,97.49,97.49,338.23
744,648.3,97.53,97.53,550.77
745,419.0,10.7,10.7,408.3
746,369.5,18.14,18.14,35136.41
747,4500.88,0.0,514.77,19930.55
748,625.7,0.0,114.05,2046.62
749,625.7,100.68,100.68,2625.1
750,625.7,0.0,98.64,3162.35
751,1518.0,0.0,546.03,1943.94
752,2776.65,0.0,1220.15,1556.5
753,2008.0,473.55,473.55,1534.45
754,587.0,0.0,152.07,2609.57
755,780.5,0.0,230.29,2200.85
756,1165.95,0.0,345.97,819.98
757,1112.0,0.0,322.13,789.87
758,1254.2,0.0,192.93,4245.08
759,310.0,54.8,54.8,255.2
760,485.0,141.3,141.3,1031.11
761,921.37,0.0,185.81,2206.69
762,518.97,123.23,123.23,395.73
763,3053.25,773.12,773.12,15960.89
764,1054.0,665.36,665.36,388.64
765,523.85,276.18,276.18,495.34
766,2186.0,925.21,925.21,2521.58
767,727.58,136.58,136.58,591.0
768,343.0,0.0,82.32,260.68
769,976.0,405.35,405.35,1711.94
770,732.0,260.2,260.2,471.8
771,1165.95,345.97,345.97,819.98
772,404.65,0.0,27.79,753.73
773,648.5,65.25,65.25,1166.49
774,648.5,64.34,64.34,1168.31
775,693.35,64.34,64.34,1258.01
776,576.03,210.24,210.24,365.79
777,657.12,265.64,265.64,391.48
778,499.7,205.2,205.2,294.5
779,659.6,0.0,76.36,583.24
780,123.0,15.03,15.03,1079.68
781,355.0,133.05,133.05,4439.07
782,355.0,133.05,133.05,3329.3
783,2068.5,1357.1,1357.1,711.4
784,2464.2,1130.54,1130.54,2667.32
785,980.0,295.59,295.59,4106.48
786,1074.04,0.0,185.06,888.98
787,788.88,42.63,42.63,2985.02
788,727.31,0.0,297.42,429.89
789,624.27,54.8,54.8,569.47
790,572.0,206.11,206.11,365.89
791,812.0,0.0,363.09,2693.45
792,1548.0,0.0,671.28,876.72
793,660.0,0.0,66.99,1186.02
794,1186.17,172.53,172.53,2027.28
795,675.0,0.0,202.71,1416.86
796,938.53,161.73,161.73,3884.0
797,1666.18,0.0,675.99,7921.49
798,1165.95,345.97,345.97,819.98
799,607.1,0.0,131.45,25685.11
800,611.51,0.0,137.76,12791.35
801,753.42,0.0,203.69,1649.18
802,535.48,0.0,126.45,1227.08
803,572.5,144.4,144.4,1284.3
804,794.0,0.0,323.11,470.89
805,941.0,165.65,165.65,775.35
806,636.3,110.15,110.15,2104.62
807,400.0,171.87,171.87,228.13
808,7133.17,0.0,2549.57,9167.2
809,798.0,156.34,156.34,1924.99
810,139.0,42.79,42.79,96.21
811,786.7,150.16,150.16,1909.61
812,2105.0,0.0,255.13,7399.49
813,652.0,0.0,216.25,2178.77
814,968.5,0.0,195.43,3092.27
815,2218.27,1389.6,1389.6,1657.34
816,810.0,257.6,257.6,5524.05
817,1552.5,0.0,384.87,12843.96
818,348.0,54.8,54.8,293.2
819,3120.0,1195.0,1195.0,1925.0
820,315.0,97.49,97.49,217.51
821,435.72,171.87,171.87,527.71
822,1127.0,0.0,316.45,810.55
823,4956.73,1306.63,1306.63,3650.1
824,407.0,155.25,155.25,1007.01
825,541.25,0.0,132.16,1636.35
826,1365.0,0.0,203.04,4647.85
827,681.75,122.18,122.18,2238.28
828,3200.0,0.0,649.31,2550.69
829,3200.0,0.0,590.21,5219.59
830,3200.0,0.0,595.74,2604.26
831,3521.6,585.92,585.92,2935.68
832,1299.32,429.81,429.81,26085.36
833,4250.0,788.54,788.54,10384.38
834,846.2,244.91,244.91,601.29
835,1050.69,0.0,270.68,1560.03
836,2132.55,0.0,230.7,3803.7
837,3650.0,790.28,790.28,11438.87
838,3250.0,753.71,753.71,9985.17
839,2550.0,703.11,703.11,9234.46
840,155.0,0.0,67.57,174.86
841,916.36,0.0,264.47,13689.7
842,25258.15,5169.85,5169.85,20088.3
843,961.45,0.0,324.71,2546.97
844,485.2,89.76,89.76,395.44
845,570.3,72.34,72.34,497.96
846,485.2,0.0,89.76,395.44
847,570.3,0.0,72.34,497.96
848,686.0,0.0,236.2,2698.79
849,462.0,220.0,220.0,484.0
850,4188.63,0.0,1931.62,4514.03
851,14000.0,0.0,277.5,13722.5
852,825.0,333.0,333.0,5904.02
853,810.0,257.6,257.6,5524.05
854,3521.6,1225.86,1225.86,2295.74
855,207.0,92.33,92.33,1146.69
856,1205.0,0.0,282.91,3688.37
857,585.5,0.0,223.92,1807.92
858,648.0,0.0,249.92,1990.42
859,1697.71,567.27,567.27,1130.44
860,821.3,0.0,75.77,3727.64
861,4125.0,0.0,193.86,3931.14
862,1369.18,0.0,197.36,1171.82
863,886.0,55.23,55.23,1661.54
864,695.0,36.8,36.8,1316.41
865,665.0,80.09,80.09,1169.82
866,18869.0,0.0,1721.28,17147.72
867,600.0,179.31,179.31,420.69
868,1250.0,0.0,514.93,7350.71
869,912.0,0.0,301.16,3665.07
870,1154.0,0.0,750.38,2421.75
871,696.0,0.0,43.88,3912.72
872,888.0,0.0,215.26,4036.43
873,509.0,0.0,128.74,3802.63
874,407.0,122.67,122.67,1706.0
875,1939.0,0.0,490.5,23175.96
876,1064.0,0.0,330.66,2200.01
877,485.0,144.4,144.4,1703.0
878,310.0,54.8,54.8,1276.0
879,1252.0,0.0,244.61,7051.71
880,720.0,82.15,82.15,1913.55
881,1215.5,335.77,335.77,879.73
882,185.0,74.45,74.45,1105.5
883,125.0,42.79,42.79,411.03
884,163.0,72.37,72.37,181.27
885,238.0,97.49,97.49,421.52
886,496.0,144.2,144.2,1055.4
887,976.0,396.78,396.78,2316.9
888,1475.3,291.48,291.48,35514.46
889,976.0,0.0,374.14,2407.43
890,1475.3,290.21,290.21,23701.82
891,3053.25,844.23,844.23,8836.08
892,155.0,62.82,62.82,184.36
893,1007.0,0.0,227.21,3119.16
894,853.0,0.0,156.55,696.45
895,2359.7,338.22,338.22,8085.91
896,1139.86,0.0,301.83,838.03
897,720.0,82.15,82.15,2551.4
898,2464.2,1135.53,1135.53,3986.01
899,2068.5,1261.99,1261.99,1613.02
900,413.4,91.5,91.5,1287.58
901,785.0,0.0,181.44,603.56
902,5909.84,0.0,1884.35,4025.49
903,2235.9,0.0,628.8,3214.2
904,1030.0,0.0,282.47,8970.36
905,435.0,0.0,82.37,705.26
906,5251.28,0.0,2121.33,3129.95
907,1299.32,430.03,430.03,26078.68
908,1320.0,73.01,73.01,1246.99
909,483.54,72.97,72.97,410.58
910,155.0,72.37,72.37,82.63
911,490.0,0.0,150.77,1696.15
912,307.0,32.38,32.38,1098.49
913,661.2,31.14,31.14,630.06
914,1696.25,572.12,572.12,2248.25
915,2290.12,917.05,917.05,1373.07
916,2278.45,469.69,469.69,1808.76
917,735.0,86.15,86.15,9732.79
918,1587.0,210.34,210.34,5506.66
919,1598.75,438.86,438.86,3479.66
920,2218.0,0.0,1149.73,3204.81
921,785.0,0.0,110.45,674.55
922,916.36,264.47,264.47,13689.7
923,345.0,345.81,345.81,-1.62
924,787.5,0.0,90.71,1393.58
925,154.31,62.95,62.95,91.36
926,120.0,48.2,48.2,71.8
927,1654.34,0.0,183.81,2941.07
928,2481.59,0.0,0.0,7444.77
929,1130.5,457.78,457.78,2690.88
930,1284.0,249.45,249.45,1034.55
931,25258.15,2754.67,2754.67,22503.48
932,668.0,210.24,210.24,457.76
933,758.5,0.0,120.77,637.73
934,525.0,10.82,10.82,1542.54
935,625.2,43.81,43.81,3488.35
936,625.2,48.94,48.94,1728.79
937,155.0,78.65,78.65,76.35
938,983.0,227.62,227.62,2266.15
939,535.0,0.0,66.88,468.12
940,125.0,48.2,48.2,76.8
941,155.0,62.95,62.95,92.05
942,1048.97,6587.67,6587.67,-5538.7
943,1056.35,348.7,348.7,1415.3
944,985.0,242.78,242.78,1484.45
945,661.2,0.0,31.14,630.06
946,935.0,185.95,185.95,14980.93
947,2177.5,457.71,457.71,10318.75
948,1991.0,0.0,182.87,5424.38
949,123.0,4.8,4.8,1181.99
950,705.5,135.18,135.18,1710.97
951,705.5,136.6,136.6,1706.7
952,606.0,210.24,210.24,2770.32
953,813.0,260.2,260.2,552.8
954,764.8,216.17,216.17,4389.07
955,265.08,97.49,97.49,167.59
956,597.0,173.0,173.0,424.0
957,1551.2,0.0,333.77,6087.15
958,1584.6,0.0,369.86,1214.74
959,674.82,0.0,88.53,1172.58
960,18482.78,2613.6,2613.6,31738.36
961,720.0,0.0,129.95,1770.15
962,9700.0,0.0,0.0,9700.0
963,653.0,223.04,223.04,429.96
964,1100.0,0.0,43.93,2112.13
965,2186.0,0.0,1062.78,2246.43
966,351.64,0.0,144.47,2071.69
967,1974.31,0.0,360.69,3227.24
968,2874.31,0.0,886.73,1987.58
969,2215.0,0.0,610.78,3208.44
970,462.0,253.0,253.0,418.0
971,2218.27,0.0,1204.71,4054.23
972,612.6,0.0,71.02,1083.16
973,3200.0,0.0,1048.9,10755.51
974,781.0,0.0,126.46,7854.45
975,1180.0,0.0,191.22,14831.7
976,1475.3,314.44,314.44,23217.24
977,1144.58,363.31,363.31,15625.36
978,330.8,92.32,92.32,4769.65
979,2621.15,741.05,741.05,7520.42
980,519.14,0.0,119.95,798.39
981,1443.3,470.05,470.05,973.25
982,1033.0,0.0,217.51,815.49
983,295.0,39.22,39.22,255.78
984,386.0,84.41,84.41,3015.89
985,813.1,260.2,260.2,552.9
986,3450.74,1216.54,1216.54,2234.2
987,225.0,78.65,78.65,146.35
988,2256.35,0.0,927.84,1328.51
989,732.0,260.2,260.2,1415.4
990,745.0,0.0,240.58,6052.99
991,864.2,0.0,226.8,6374.0
992,999.91,226.23,226.23,1547.35
993,1800.0,693.77,693.77,1106.23
994,2068.5,1261.99,1261.99,806.51
995,3213.0,0.0,1165.13,2047.87
996,2464.2,0.0,1067.99,5584.85
997,810.0,313.65,313.65,9926.9
998,1075.31,0.0,521.55,553.76
999,753.5,0.0,127.11,5011.1
1000,497.89,42.8,42.8,455.09
1001,2400.0,0.0,679.75,5160.75
1002,647.0,100.13,100.13,1093.74
1003,647.0,894.91,894.91,-495.82
1004,562.5,0.0,102.31,920.37
1005,813.1,260.2,260.2,1105.81
1006,764.39,137.83,137.83,5639.02
1007,941.77,203.69,203.69,738.08
1008,669.35,126.54,126.54,542.81
1009,863.0,68.35,68.35,1589.3
1010,1045.31,388.11,388.11,657.2
1011,901.5,68.35,68.35,1666.3
1012,1064.0,330.66,330.66,2200.01
1013,1475.3,331.61,331.61,22873.85
1014,3730.0,1388.82,1388.82,2341.18
1015,485.0,144.4,144.4,340.6
1016,2278.45,0.0,436.59,3683.72
1017,817.89,0.0,176.15,641.74
1018,385.0,253.0,253.0,132.0
1019,386.0,77.13,77.13,3088.71
1020,1784.35,0.0,112.39,5015.87
1021,657.58,107.5,107.5,2200.34
1022,779.5,158.36,158.36,2484.55
1023,435.72,265.64,265.64,340.17
1024,350.41,125.68,125.68,449.46
1025,327.59,57.6,57.6,269.99
1026,1250.0,0.0,170.16,10798.38
1027,462.0,253.0,253.0,209.0
1028,596.0,0.0,28.41,567.59
1029,699.5,286.59,286.59,4129.13
1030,799.1,168.4,168.4,1892.09
1031,150.0,78.65,78.65,998.88
1032,500.0,265.64,265.64,1406.18
1033,960.34,91.4,91.4,868.94
1034,772.0,0.0,13.33,758.67
1035,4972.3,0.0,1139.58,3832.72
1036,1385.0,0.0,281.46,1103.54
1037,1848.9,406.12,406.12,1442.78
1038,1209.8,0.0,341.41,1736.78
1039,345.0,0.0,348.92,-7.83
1040,528.89,0.0,68.25,921.28
1041,999.91,226.23,226.23,773.68
1042,999.91,226.23,226.23,773.68
1043,2186.0,955.68,955.68,2460.64
1044,264.0,97.49,97.49,166.51
1045,2660.9,0.0,896.15,1764.75
1046,22417.6,0.0,9353.62,13063.98
1047,155.0,78.65,78.65,76.35
1048,899.0,0.0,197.53,701.47
1049,556.7,0.0,72.88,483.82
1050,1103.45,0.0,400.95,702.5
1051,930.0,0.0,159.65,770.35
1052,845.29,0.0,369.66,1426.9
1053,2465.0,0.0,585.2,3759.61
1054,705.5,130.97,130.97,1723.59
1055,705.5,0.0,143.89,3369.69
1056,918.0,0.0,502.32,2494.06
1057,915.0,0.0,239.08,675.92
1058,715.65,0.0,103.21,1837.32
1059,515.0,0.0,182.6,1329.6
1060,2375.5,438.39,438.39,3874.21
1061,2080.85,523.53,523.53,1557.32
1062,1899.18,164.55,164.55,1734.63
1063,3298.28,33387.05,33387.05,-30088.77
1064,150.0,78.65,78.65,71.35
1065,442.75,253.0,253.0,189.75
1066,462.0,220.0,220.0,242.0
1067,1165.95,345.97,345.97,819.98
1068,1165.95,0.0,345.97,819.98
1069,763.0,0.0,71.72,2765.1
1070,845.0,0.0,167.31,2710.76
1071,1615.0,685.68,685.68,929.32
1072,1615.0,685.68,685.68,929.32
1073,1615.0,685.68,685.68,929.32
1074,1615.0,685.68,685.68,929.32
1075,485.0,144.4,144.4,681.2
1076,7780.0,816.73,1743.86,53994.03
1077,7780.0,930.34,2064.16,50832.18
1078,125.0,48.2,48.2,307.21
1079,132.06,0.0,21.33,885.86
1080,1853.25,1116.84,1116.84,1472.83
1081,852.53,0.0,55.13,1594.8
1082,1790.5,155.35,155.35,3270.3
1083,1900.0,253.99,253.99,3292.03
1084,1280.14,0.0,477.16,802.98
1085,978.6,0.0,518.59,4600.13
1086,732.0,0.0,136.25,2978.75
1087,1800.0,0.0,312.11,4463.67
1088,1086.23,0.0,274.93,2433.91
1089,699.38,0.0,207.16,1476.66
1090,3220.0,667.91,667.91,25520.89
1091,5790.0,0.0,1798.56,15965.75
1092,315.0,57.6,57.6,1029.6
1093,1475.3,288.77,288.77,35595.93
1094,582.13,0.0,131.24,1803.56
1095,773.06,0.0,126.1,1293.91
1096,6.54,6.0,6.0,5.35
1097,299.8,50.94,50.94,1742.04
1098,1102.75,0.0,751.86,10526.78
1099,155.0,62.95,62.95,276.14
1100,1330.35,0.0,326.25,2008.21
1101,17393.06,0.0,6073.5,22639.13
1102,825.0,332.9,332.9,4920.99
1103,1283.8,0.0,131.36,1152.44
1104,18869.0,0.0,1721.28,68590.88
1105,581.46,0.0,144.87,873.19
1106,555.06,0.0,96.17,917.78
1107,3545.43,800.35,800.35,21960.61
1108,1370.74,0.0,328.39,1042.35
1109,1018.0,0.0,273.77,744.23
1110,817.79,0.0,133.04,1369.5
1111,530.64,0.0,325.23,821.62
1112,732.0,222.0,222.0,510.0
1113,210.0,90.91,90.91,119.09
1114,305.5,113.59,113.59,191.91
1115,485.0,144.4,144.4,1362.4
1116,965.4,0.0,413.55,551.85
1117,606.0,236.6,236.6,1847.01
1118,398.0,0.0,113.64,2843.63
1119,1157.93,0.0,187.54,970.39
1120,4500.0,0.0,1088.23,3411.77
1121,699.52,0.0,66.79,1265.45
1122,462.0,220.0,220.0,242.0
1123,299.8,0.0,59.54,720.77
1124,155.0,62.95,62.95,184.09
1125,2533.27,0.0,0.0,2533.27
1126,2359.7,338.22,338.22,8085.91
1127,772.6,0.0,49.16,723.44
1128,462.07,220.0,220.0,968.28
1129,1194.66,0.0,0.0,3583.98
1130,932.0,0.0,207.69,1448.62
1131,730.8,0.0,126.52,1208.56
1132,1911.0,0.0,329.0,1582.0
1133,1572.45,600.03,600.03,2917.26
1134,485.0,0.0,144.4,3406.0
1135,1127.46,0.0,355.3,4632.94
1136,1800.0,2392.5,2392.5,-592.5
1137,1130.5,421.11,421.11,709.39
1138,675.97,89.76,89.76,586.21
1139,730.17,72.34,72.34,657.83
1140,1677.0,0.0,521.39,11556.1
1141,2445.0,0.0,1627.09,4089.55
1142,698.0,0.0,0.0,2792.0
1143,1475.3,0.0,315.51,23195.8
1144,3053.25,640.51,640.51,7238.23
1145,899.0,0.0,197.53,701.47
1146,619.5,0.0,76.71,3256.75
1147,699.5,0.0,70.7,628.8
1148,650.0,316.45,316.45,333.55
1149,413.4,0.0,93.3,1920.59
1150,415.0,0.0,100.7,3142.99
1151,407.0,124.77,124.77,2822.33
1152,541.25,0.0,132.16,4090.88
1153,708.0,0.0,138.9,3983.69
1154,488.0,0.0,119.27,3687.26
1155,1615.25,0.0,52.12,15631.29
1156,2056.2,586.32,586.32,4409.63
1157,662.57,0.0,47.84,614.73
1158,815.07,0.0,99.37,715.7
1159,876.98,0.0,142.2,734.78
1160,588.0,0.0,39.85,548.15
1161,792.11,131.45,131.45,6606.56
1162,798.79,137.63,137.63,6611.64
1163,984.15,203.69,203.69,780.46
1164,699.47,126.29,126.29,573.18
1165,705.5,127.62,127.62,1733.63
1166,2895.47,1119.39,1119.39,10656.45
1167,670.69,331.33,331.33,339.36
1168,1466.21,379.55,379.55,1086.66
1169,1026.8,82.34,82.34,5666.78
1170,1165.0,245.96,245.96,5514.25
1171,485.0,67.84,67.84,417.16
1172,5765.49,2496.65,2496.65,6537.68
1173,3890.0,982.4,982.4,31983.55
1174,720.0,130.12,130.12,2949.42
1175,195.0,78.68,78.68,697.95
1176,1018.0,414.84,414.84,603.16
1177,1018.0,414.84,414.84,1206.33
1178,906.05,117.24,117.24,788.81
1179,609.84,173.0,173.0,436.84
1180,813.1,222.0,222.0,591.1
1181,353.45,57.6,57.6,295.85
1182,925.0,218.33,218.33,1413.34
1183,805.5,57.07,57.07,748.43
1184,553.0,0.0,96.96,3648.3
1185,840.0,0.0,160.02,3399.89
1186,4769.0,1931.62,1931.62,5674.77
1187,565.4,90.42,90.42,1424.95
1188,1219.74,251.37,251.37,11620.48
1189,1022.67,213.77,213.77,4853.43
1190,1386.16,291.33,291.33,10948.33
1191,790.0,89.76,89.76,700.24
1192,790.0,72.34,72.34,717.66
1193,852.0,150.44,150.44,701.56
1194,755.0,53.71,53.71,701.29
1195,852.0,108.81,108.81,743.19
1196,2400.0,472.22,472.22,5783.35
1197,620.2,170.55,170.55,449.65
1198,1642.35,0.0,463.36,2357.99
1199,8121.2,0.0,3280.08,4841.12
1200,742.45,166.83,166.83,575.62
1201,1208.25,93.2,93.2,1115.05
1202,1208.25,93.2,93.2,1115.05
1203,2529.4,663.12,663.12,14930.23
1204,608.36,0.0,44.13,2256.94
1205,636.38,0.0,42.57,2375.24
1206,1070.6,0.0,175.33,1790.53
1207,462.0,300.0,300.0,648.0
1208,125.0,48.2,48.2,153.61
1209,545.0,0.0,38.42,1013.16
1210,585.0,53.33,53.33,1063.35
1211,488.0,126.71,126.71,722.57
1212,1098.74,235.35,235.35,5180.34
1213,1177.25,277.2,277.2,900.05
1214,601.5,145.23,145.23,456.27
1215,5901.45,1047.18,1047.18,4854.27
1216,691.7,265.64,265.64,852.13
1217,521.04,205.2,205.2,1263.34
1218,350.41,125.68,125.68,898.92
1219,378.26,99.22,99.22,558.07
1220,132.06,0.0,21.33,2214.65
1221,155.0,78.68,78.68,76.32
1222,4769.0,1931.62,1931.62,2837.38
1223,745.69,78.38,78.38,667.31
1224,1089.35,332.12,332.12,757.23
1225,1089.35,332.12,332.12,757.23
1226,18869.0,1721.28,1721.28,68590.88
1227,768.5,63.09,63.09,705.41
1228,155.0,62.95,62.95,184.09
1229,623.37,69.55,69.55,1107.63
1230,153.25,62.95,62.95,90.3
1231,691.68,265.64,265.64,852.09
1232,429.25,81.99,81.99,347.26
1233,986.0,0.0,235.75,4501.5
1234,545.0,63.37,63.37,1926.53
1235,1075.31,521.55,521.55,553.76
1236,175.31,76.08,76.08,1488.5
1237,611.8,211.36,211.36,1201.31
1238,9499.6,0.0,544.48,8955.12
1239,155.0,62.95,62.95,92.05
1240,120.0,48.2,48.2,71.8
1241,753.5,127.11,127.11,3758.32
1242,812.93,0.0,145.02,1335.83
1243,1364.0,0.0,0.0,1364.0
1244,155.0,62.95,62.95,368.19
1245,792.11,131.45,131.45,6606.56
1246,798.79,137.63,137.63,4628.15
1247,984.15,0.0,203.69,19511.55
1248,699.47,126.29,126.29,573.18
1249,669.55,98.82,98.82,2282.9
1250,669.55,112.34,112.34,2228.84
1251,669.55,99.83,99.83,3418.35
1252,2481.59,0.0,0.0,4963.18
1253,17450.0,0.2,0.2,17449.8
1254,155.0,51.36,51.36,207.29
1255,190.0,68.2,68.2,243.59
1256,2566.15,1164.2,1164.2,2803.9
1257,2042.41,0.0,663.74,5514.68
1258,486.0,18.45,18.45,467.55
1259,1532.05,339.91,339.91,2384.29
1260,4810.0,0.0,442.5,13102.49
1261,1800.18,676.87,676.87,12356.38
1262,462.0,278.0,278.0,184.0
1263,325.0,96.83,96.83,228.17
1264,635.97,89.76,89.76,546.21
1265,730.17,72.34,72.34,657.83
1266,439.66,420.67,420.67,18.99
1267,2359.7,401.65,401.65,7832.22
1268,976.0,385.09,385.09,1181.81
1269,1475.3,316.19,316.19,23182.19
1270,900.0,0.0,0.0,900.0
1271,945.0,518.43,518.43,426.57
1272,2914.4,469.53,931.02,11932.46
1273,951.04,208.88,208.88,2226.47
1274,120.0,0.0,67.57,262.14
1275,1086.48,67.56,67.56,3056.77
1276,315.0,57.6,57.6,514.8
1277,12500.0,0.0,4604.19,15791.62
1278,1417.1,0.0,408.31,1008.79
1279,720.0,129.7,129.7,3541.82
1280,863.14,257.11,257.11,1212.07
1281,650.0,325.78,325.78,1621.08
1282,825.0,332.9,332.9,2460.49
1283,610.0,197.83,197.83,412.17
1284,610.0,178.15,178.15,431.85
1285,610.0,171.15,171.15,438.85
1286,120.13,48.2,48.2,71.93
1287,165.51,48.1,48.1,117.41
1288,27808.0,0.0,654.34,27153.66
1289,519.0,78.24,78.24,881.52
1290,993.12,42.65,42.65,1900.93
1291,1366.13,394.88,394.88,5827.47
1292,1545.0,0.0,89.98,8730.14
1293,983.0,129.28,129.28,2561.16
1294,435.72,153.85,153.85,281.87
1295,1699.0,0.0,251.47,14475.29
1296,14000.0,0.0,277.5,13722.5
1297,6591.1,1541.46,1541.46,5049.64
1298,1289.0,519.45,519.45,769.55
1299,862.5,331.49,331.49,1062.01
1300,462.0,153.85,153.85,308.15
1301,1223.38,264.62,264.62,958.76
1302,1045.31,199.05,199.05,2538.78
1303,1270.84,0.0,330.66,2820.53
1304,669.0,97.49,97.49,1143.01
1305,125.0,48.2,48.2,153.61
1306,155.0,63.31,63.31,183.38
1307,190.0,65.16,65.16,124.84
1308,561.7,0.0,61.77,2499.63
1309,542.65,0.0,51.49,2455.82
1310,485.0,144.4,144.4,3406.0
1311,315.0,57.6,57.6,514.8
1312,1056.55,336.58,336.58,5759.74
1313,2665.0,1318.1,1318.1,1346.9
1314,717.87,331.49,331.49,772.75
1315,691.7,186.16,186.16,1011.08
1316,521.04,205.2,205.2,631.67
1317,350.41,125.68,125.68,898.92
1318,3788.69,0.0,120.76,14671.74
1319,125.0,48.2,48.2,76.8
1320,9981.1,485.13,1044.55,22452.82
1321,958.3,157.64,157.64,800.66
1322,802.0,63.9,63.9,738.1
1323,5309.11,1292.27,1292.27,4016.84
1324,696.0,30.45,30.45,1331.11
1325,1801.38,996.4,996.4,3219.92
1326,2360.0,0.0,961.36,5594.57
1327,1800.18,0.0,592.18,24160.04
1328,3890.0,936.33,936.33,17722.0
1329,3890.0,0.0,1133.81,16537.11
1330,195.0,0.0,88.63,1063.72
1331,728.43,0.0,168.53,1119.79
1332,1475.3,301.31,301.31,23479.89
1333,1318.7,919.68,919.68,399.02
1334,1009.65,286.34,286.34,723.31
1335,827.59,227.18,227.18,600.41
1336,873.75,137.33,137.33,736.42
1337,735.0,139.65,139.65,595.35
1338,2177.5,280.14,280.14,11384.19
1339,1545.0,89.98,89.98,8730.14
1340,2220.7,448.24,448.24,1772.46
1341,3643.7,0.0,0.0,7287.4
1342,1512.12,0.0,0.0,13609.08
1343,1800.69,328.36,328.36,1472.33
1344,1158.51,78.25,78.25,1080.26
1345,909.56,0.0,253.9,5245.25
1346,955.38,158.36,158.36,3188.07
1347,710.0,96.96,96.96,4904.3
1348,1385.5,140.88,140.88,1244.62
1349,123.0,21.39,21.39,1016.15
1350,980.0,301.12,301.12,4073.29
1351,980.0,299.53,299.53,6124.21
1352,1130.5,499.2,499.2,631.3
1353,155.0,79.01,79.01,227.97
1354,620.35,0.0,127.06,2959.75
1355,13688.0,0.0,0.0,13688.0
1356,2220.7,293.13,293.13,1927.57
1357,1121.7,0.0,291.13,830.57
1358,1302.15,0.0,196.44,1105.71
1359,485.0,144.4,144.4,681.2
1360,18482.78,1734.88,1734.88,16747.9
1361,1457.2,0.0,461.49,24892.82
1362,123.0,21.39,21.39,1016.15
1363,2056.2,466.2,466.2,6360.01
1364,315.0,57.6,57.6,257.4
1365,1475.3,315.59,315.59,23194.18
1366,355.0,119.05,119.05,2359.53
1367,1385.9,0.0,0.0,4157.7
1368,1613.26,668.13,668.13,9451.34
1369,420.0,37.65,37.65,1529.41
1370,1166.63,0.0,360.2,1612.87
1371,576.65,0.0,366.62,420.07
1372,485.0,144.4,144.4,340.6
1373,315.0,57.6,57.6,772.2
1374,3045.5,0.0,0.0,3045.5
1375,689.63,227.18,227.18,462.44
1376,3416.0,222.14,222.14,6387.73
1377,815.0,222.0,222.0,593.0
1378,1449.3,454.72,454.72,2983.73
1379,395.29,97.49,97.49,1786.78
1380,266.0,97.3,97.3,674.81
1381,655.5,306.53,306.53,1395.87
1382,1435.2,0.0,355.52,1079.68
1383,2278.45,414.88,414.88,1863.57
1384,1110.0,0.0,83.4,2053.2
1385,2056.2,0.0,586.32,5879.51
1386,3053.25,828.0,828.0,13351.5
1387,4810.0,0.0,442.5,21837.49
1388,976.0,360.7,360.7,1230.61
1389,3730.0,1311.27,1311.27,2418.73
1390,3053.25,773.21,773.21,11400.21
1391,3090.0,89.98,179.95,17460.29
1392,410.0,57.6,57.6,352.4
1393,11809.98,0.0,2335.2,9474.78
1394,2494.8,0.0,620.47,11245.96
1395,700.0,0.0,325.78,748.43
1396,478.0,0.0,66.31,1235.07
1397,792.11,131.45,131.45,17177.06
1398,798.79,137.63,137.63,6611.64
1399,729.57,0.0,232.01,2487.8
1400,737.62,236.2,236.2,2507.09
1401,1357.5,0.0,405.55,9519.54
1402,1325.07,0.0,0.0,1325.07
1403,1981.88,0.0,333.62,26372.18
1404,3730.0,0.0,696.46,6067.08
1405,488.0,107.33,107.33,3806.75
1406,759.0,0.0,681.52,309.9
1407,5668.99,0.0,1319.88,4349.11
1408,2300.0,0.0,99.68,2200.32
1409,2959.68,0.0,1186.76,10637.54
1410,732.0,0.0,317.5,829.0
1411,1000.0,226.23,226.23,773.77
1412,12500.0,4579.08,4579.08,7920.92
1413,1897.27,78.09,78.09,9095.92
1414,510.0,51.16,51.16,1376.51
1415,1888.0,0.0,294.5,9560.98
1416,439.15,0.0,123.21,947.83
1417,925.82,65.31,65.31,1721.01
1418,1910.5,286.13,286.13,3248.75
1419,2020.42,421.91,421.91,3197.02
1420,1177.07,477.16,477.16,1399.82
1421,712.0,102.31,102.31,3658.12
1422,718.6,104.69,104.69,3683.48
1423,2182.35,0.0,596.55,4757.41
1424,5909.84,1884.35,1884.35,4025.49
1425,1406.0,0.0,80.66,13253.45
